siteID;type;dateOUT;dateIN;rep_number;leafbag;weight_start;rest_weight_60;rest_weight_500;comments
S2;coarse;03.06.2019;11.06.2019;1;L028;5.981;4.022;0.497;
S2;coarse;03.06.2019;11.06.2019;2;L038;6.004;3.778;0.636;
S2;coarse;03.06.2019;11.06.2019;3;L005;5.994;4.104;0.739;
S3;coarse;03.06.2019;11.06.2019;1;L053;5.99;2.146;0.627;
S3;coarse;03.06.2019;11.06.2019;2;L151;5.992;NA;NA;do not use
S3;coarse;03.06.2019;11.06.2019;3;L015;6.045;4.461;2.023;
S5;coarse;03.06.2019;11.06.2019;1;L029;6.04;2.317;0.245;
S5;coarse;03.06.2019;11.06.2019;2;L122;6.002;1.023;0.094;do not use
S5;coarse;03.06.2019;11.06.2019;3;L042;6.025;NA;NA;do not use
S7;coarse;06.06.2019;12.06.2019;1;L183;6.043;6.717;3.069;
S7;coarse;06.06.2019;12.06.2019;2;L084;5.992;5.393;1.776;
S7;coarse;06.06.2019;12.06.2019;3;L101;5.976;4.926;1.571;
S8;coarse;06.06.2019;12.06.2019;1;L055;5.98;NA;NA;do not use
S8;coarse;06.06.2019;12.06.2019;2;L111;5.99;4.409;0.529;
S8;coarse;06.06.2019;12.06.2019;3;L144;6.027;4.108;0.464;
S10;coarse;06.06.2019;14.06.2019;1;L159;6.023;2.333;0.219;
S10;coarse;06.06.2019;14.06.2019;2;L221;5.96;1.386;0.132;
S10;coarse;06.06.2019;14.06.2019;3;L213;5.98;1.612;0.124;
S11;coarse;05.06.2019;13.06.2019;1;L008;6.002;4.135;0.948;
S11;coarse;05.06.2019;13.06.2019;2;L041;6.03;4.04;0.922;
S11;coarse;05.06.2019;13.06.2019;3;L033;5.977;4.076;0.671;do not use
S104;coarse;03.06.2019;11.06.2019;1;L007;5.983;3.952;0.432;
S104;coarse;03.06.2019;11.06.2019;2;L017;5.992;2.854;0.332;
S104;coarse;03.06.2019;11.06.2019;3;L010;5.993;3.443;0.39;
S14;coarse;04.06.2019;11.06.2019;1;L142;5.981;NA;NA;do not use
S14;coarse;04.06.2019;11.06.2019;2;L214;6.043;3.604;0.42;
S14;coarse;04.06.2019;11.06.2019;3;L103;5.99;3.298;0.403;
S15;coarse;05.06.2019;13.06.2019;1;L127;5.954;3.841;0.562;
S15;coarse;05.06.2019;13.06.2019;2;L095;6.042;3.601;0.552;
S15;coarse;05.06.2019;13.06.2019;3;L116;6.03;4.116;0.688;
S16;coarse;06.06.2019;13.06.2019;1;L171;5.972;2.42;0.268;
S16;coarse;06.06.2019;13.06.2019;2;L215;5.967;1.643;0.16;
S16;coarse;06.06.2019;13.06.2019;3;L073;6.01;2.613;0.288;
S17;coarse;06.06.2019;13.06.2019;1;L129;5.987;2.865;0.537;
S17;coarse;06.06.2019;13.06.2019;2;L209;5.999;2.411;0.334;
S17;coarse;06.06.2019;13.06.2019;3;L094;5.98;1.418;0.215;
S20;coarse;06.06.2019;14.06.2019;1;L177;5.963;1.384;0.119;
S20;coarse;06.06.2019;14.06.2019;2;L096;6.016;2.417;0.266;
S20;coarse;06.06.2019;14.06.2019;3;L204;6.017;1.652;0.158;
S21;coarse;04.06.2019;12.06.2019;1;L062;5.977;0.138;0.004;
S21;coarse;04.06.2019;12.06.2019;2;L173;6.015;NA;NA;do not use
S21;coarse;04.06.2019;12.06.2019;3;L020;6.041;0.079;0.001;
S22;coarse;04.06.2019;12.06.2019;1;L035;5.97;1.569;0.197;
S22;coarse;04.06.2019;12.06.2019;2;L001;5.994;2.411;0.318;
S22;coarse;04.06.2019;12.06.2019;3;L018;6.01;3.154;0.524;
S23;coarse;04.06.2019;12.06.2019;1;L220;6;1.206;0.213;
S23;coarse;04.06.2019;12.06.2019;2;L184;5.98;1.422;0.274;
S23;coarse;04.06.2019;12.06.2019;3;L210;5.995;2.716;0.536;
S26;coarse;04.06.2019;12.06.2019;1;L036;5.983;2.826;0.383;
S26;coarse;04.06.2019;12.06.2019;2;L019;6.014;2.649;0.305;
S26;coarse;04.06.2019;12.06.2019;3;L023;6.106;2.021;0.25;
S28;coarse;04.06.2019;12.06.2019;1;K�FE;6.012;2.021;0.25;
S28;coarse;04.06.2019;12.06.2019;2;L013;5.968;3.676;0.543;
S28;coarse;04.06.2019;12.06.2019;3;L025;5.978;3.032;0.337;
S29;coarse;05.06.2019;13.06.2019;1;L030;6.044;NA;NA;do not use
S29;coarse;05.06.2019;13.06.2019;2;L004;6.03;4.331;0.374;
S29;coarse;05.06.2019;13.06.2019;3;KARL;6.022;4.007;0.353;
S90;coarse;04.06.2019;12.06.2019;1;L315;5.992;4.071;0.48;
S90;coarse;04.06.2019;12.06.2019;2;L072;5.952;4.874;0.827;
S90;coarse;04.06.2019;12.06.2019;3;L168;6.011;3.225;0.331;
S30;coarse;07.06.2019;14.06.2019;1;L047;5.997;4.258;0.57;
S30;coarse;07.06.2019;14.06.2019;2;L217;5.999;4.456;0.518;
S30;coarse;07.06.2019;14.06.2019;3;L149;6.022;3.464;0.43;
S31;coarse;07.06.2019;14.06.2019;1;L011;6.002;4.657;0.502;
S31;coarse;07.06.2019;14.06.2019;2;L147;6.022;3.702;0.495;
S31;coarse;07.06.2019;14.06.2019;3;L049;5.975;4.124;0.953;
S105;coarse;05.06.2019;12.06.2019;1;L135;5.963;3.275;0.552;
S105;coarse;05.06.2019;12.06.2019;2;L140;5.989;1.972;0.261;
S105;coarse;05.06.2019;12.06.2019;3;L202;6.037;2.517;0.422;
S35;coarse;05.06.2019;12.06.2019;1;L088;6.012;4.367;0.954;
S35;coarse;05.06.2019;12.06.2019;2;L222;6.002;NA;NA;do not use
S35;coarse;05.06.2019;12.06.2019;3;L223;6.037;4.323;0.873;
S37;coarse;05.06.2019;13.06.2019;1;L046;5.994;5.022;2.724;
S37;coarse;05.06.2019;13.06.2019;2;L318;6.03;3.01;0.803;
S37;coarse;05.06.2019;13.06.2019;3;L085;6;4.327;1.635;
S38;coarse;04.06.2019;12.06.2019;1;L112;5.989;2.261;0.89;do not use
S38;coarse;04.06.2019;12.06.2019;2;L203;5.966;2.926;1.252;
S38;coarse;04.06.2019;12.06.2019;3;L208;5.964;1.061;0.267;
S39;coarse;05.06.2019;12.06.2019;1;L185;6.017;3.001;0.633;
S39;coarse;05.06.2019;12.06.2019;2;L099;5.965;3.135;0.852;
S39;coarse;05.06.2019;12.06.2019;3;L224;6.035;3.664;0.767;
S106;coarse;06.06.2019;14.06.2019;1;L070;6.049;4.244;0.662;
S106;coarse;06.06.2019;14.06.2019;2;L319;5.999;3.01;0.451;
S106;coarse;06.06.2019;14.06.2019;3;L067;6.009;3.406;0.369;
S92;coarse;05.06.2019;12.06.2019;1;L156;5.993;4.522;0.643;
S92;coarse;05.06.2019;12.06.2019;2;L157;5.978;4.153;0.474;
S92;coarse;05.06.2019;12.06.2019;3;L082;5.997;4.303;0.511;
S93;coarse;05.06.2019;13.06.2019;1;L118;5.99;1.804;0.482;
S93;coarse;05.06.2019;13.06.2019;2;L154;6.019;0.997;0.155;
S93;coarse;05.06.2019;13.06.2019;3;L045;6.033;NA;NA;do not use
S43;coarse;05.06.2019;13.06.2019;1;L176;5.971;3.823;0.407;
S43;coarse;05.06.2019;13.06.2019;2;L063;5.966;3.653;0.386;
S43;coarse;05.06.2019;13.06.2019;3;L193;6.035;3.536;0.399;
S107;coarse;07.06.2019;14.06.2019;1;L153;6.028;4.048;0.504;
S107;coarse;07.06.2019;14.06.2019;2;L079;6.032;4.368;0.686;
S107;coarse;07.06.2019;14.06.2019;3;L190;5.972;0.468;0.041;
S44;coarse;06.06.2019;13.06.2019;1;L003;5.97;3.733;0.548;do not use
S44;coarse;06.06.2019;13.06.2019;2;L083;6.051;4.572;1.275;
S44;coarse;06.06.2019;13.06.2019;3;L181;6.004;5.18;1.715;
S108;coarse;04.06.2019;11.06.2019;1;L089;5.985;NA;NA;do not use
S108;coarse;04.06.2019;11.06.2019;2;L104;5.955;0.739;0.081;
S108;coarse;04.06.2019;11.06.2019;3;L090;5.955;2.239;0.278;
S45;coarse;06.06.2019;13.06.2019;1;L196;5.976;5.161;1.237;
S45;coarse;06.06.2019;13.06.2019;2;L081;6;5.029;1.057;
S45;coarse;06.06.2019;13.06.2019;3;L077;6.003;5.012;1.038;
S109;coarse;05.06.2019;12.06.2019;1;L148;5.974;2.431;0.34;
S109;coarse;05.06.2019;12.06.2019;2;L218;6.01;2.078;0.209;
S109;coarse;05.06.2019;12.06.2019;3;L098;5.96;2.326;0.287;
S48;coarse;04.06.2019;12.06.2019;1;L312;5.963;4.196;0.376;
S48;coarse;04.06.2019;12.06.2019;2;L316;5.981;4.292;0.314;
S48;coarse;04.06.2019;12.06.2019;3;L137;5.982;4.135;0.355;
S49;coarse;04.06.2019;12.06.2019;1;L002;6.049;4.581;1.299;
S49;coarse;04.06.2019;12.06.2019;2;L320;6.035;4.646;1.116;
S49;coarse;04.06.2019;12.06.2019;3;L031;6.022;5.201;0.695;
S95;coarse;04.06.2019;11.06.2019;1;L322;5.97;4.947;0.99;
S95;coarse;04.06.2019;11.06.2019;2;L321;5.992;4.918;1.04;
S95;coarse;04.06.2019;11.06.2019;3;L311;6.031;4.955;0.984;
S50;coarse;04.06.2019;12.06.2019;1;L323;6.007;2.387;0.52;
S50;coarse;04.06.2019;12.06.2019;2;L014;6.013;3.503;0.845;
S50;coarse;04.06.2019;12.06.2019;3;L317;6;2.705;0.768;
S53;coarse;03.06.2019;11.06.2019;1;L106;6.044;NA;NA;do not use
S53;coarse;03.06.2019;11.06.2019;2;L194;6.041;3.271;0.705;
S53;coarse;03.06.2019;11.06.2019;3;L212;6.032;7.22;4.347;
S56;coarse;04.06.2019;11.06.2019;1;L102;5.996;2.261;0.838;
S56;coarse;04.06.2019;11.06.2019;2;L060;6.016;0.951;0.184;
S56;coarse;04.06.2019;11.06.2019;3;L071;5.992;1.902;0.657;
S57;coarse;04.06.2019;11.06.2019;1;L065;5.946;0.938;0.586;
S57;coarse;04.06.2019;11.06.2019;2;L074;6.004;1.119;0.725;
S57;coarse;04.06.2019;11.06.2019;3;L110;6;7.394;3.794;
S58;coarse;03.06.2019;11.06.2019;1;L050;6.003;2.541;0.755;
S58;coarse;03.06.2019;11.06.2019;2;L078;6.045;2.202;0.648;
S58;coarse;03.06.2019;11.06.2019;3;L124;6.016;18.94;15.634;
S112;coarse;03.06.2019;11.06.2019;1;L188;6.014;11.411;7.519;
S112;coarse;03.06.2019;11.06.2019;2;L179;6.033;2.463;0.763;
S112;coarse;03.06.2019;11.06.2019;3;L136;5.989;NA;NA;do not use
S59;coarse;05.06.2019;12.06.2019;1;L080;6.03;11.232;8.253;
S59;coarse;05.06.2019;12.06.2019;2;L091;5.988;3.88;0.742;
S59;coarse;05.06.2019;12.06.2019;3;L108;6.01;14.691;10.836;
S60;coarse;05.06.2019;12.06.2019;1;L087 ;6;3.475;1.248;
S60;coarse;05.06.2019;12.06.2019;2;L187;6.079;2.992;1.311;
S60;coarse;05.06.2019;12.06.2019;3;L052;5.974;2.564;0.681;
S114;coarse;04.06.2019;11.06.2019;1;L114;5.964;10.765;6.414;
S114;coarse;04.06.2019;11.06.2019;2;L105;6.01;9.921;6.015;
S114;coarse;04.06.2019;11.06.2019;3;L113;6.037;8.567;4.452;
S96;coarse;06.06.2019;13.06.2019;1;L009;6.032;NA;NA;do not use
S96;coarse;06.06.2019;13.06.2019;2;L027;5;NA;NA;do not use
S96;coarse;06.06.2019;13.06.2019;3;L054;5.967;4.821;1.055;
S61;coarse;06.06.2019;14.06.2019;1;L057;5.999;3.294;0.457;
S61;coarse;06.06.2019;14.06.2019;2;L172;6.02;4.15;NA;do not use
S61;coarse;06.06.2019;14.06.2019;3;L141;6.042;2.192;0.375;
S63;coarse;05.06.2019;13.06.2019;1;L037;5.938;3.736;0.548;
S63;coarse;05.06.2019;13.06.2019;2;L039;6.035;3.809;0.473;
S63;coarse;05.06.2019;13.06.2019;3;L021;6;3.828;0.447;
S65;coarse;05.06.2019;13.06.2019;1;L012;6.031;0.292;0.03;
S65;coarse;05.06.2019;13.06.2019;2;L026;5.986;0.331;0.031;
S65;coarse;05.06.2019;13.06.2019;3;L043;5.971;0.354;0.026;
S66;coarse;03.06.2019;10.06.2019;1;L117;6.006;1.247;0.37;
S66;coarse;03.06.2019;10.06.2019;2;L192;6.027;0.876;0.114;
S66;coarse;03.06.2019;10.06.2019;3;L145;5.982;0.883;0.107;
S123;coarse;03.06.2019;10.06.2019;1;L075;5.979;3.946;0.422;
S123;coarse;03.06.2019;10.06.2019;2;L064;6.02;4.169;0.384;
S123;coarse;03.06.2019;10.06.2019;3;L201;5.979;3.973;0.407;
S97;coarse;03.06.2019;10.06.2019;1;L166;6.047;4.067;1.783;
S97;coarse;03.06.2019;10.06.2019;2;L058;6.022;NA;NA;do not use
S97;coarse;03.06.2019;10.06.2019;3;L134;6.014;3.985;0.569;
S74;coarse;04.06.2019;11.06.2019;1;L160;6.019;3.709;0.445;
S74;coarse;04.06.2019;11.06.2019;2;L199;6.024;3.46;0.446;
S74;coarse;04.06.2019;11.06.2019;3;L219;6.013;3.401;0.384;
S75;coarse;07.06.2019;14.06.2019;1;L164;6.021;5.114;1.173;
S75;coarse;07.06.2019;14.06.2019;2;L165;5.985;5.475;1.33;
S75;coarse;07.06.2019;14.06.2019;3;L059;5.966;4.62;0.9;
S98;coarse;06.06.2019;13.06.2019;1;L143;6.047;2.991;0.355;
S98;coarse;06.06.2019;13.06.2019;2;L130;6.023;2.971;0.303;
S98;coarse;06.06.2019;13.06.2019;3;L123;5.973;2.913;0.269;
S76;coarse;04.06.2019;11.06.2019;1;L158;5.934;0.845;0.111;
S76;coarse;04.06.2019;11.06.2019;2;L167;5.957;2.269;0.312;
S76;coarse;04.06.2019;11.06.2019;3;L216;6.046;1.34;0.145;
S99;coarse;06.06.2019;13.06.2019;1;L195;6.031;4.47;0.437;
S99;coarse;06.06.2019;13.06.2019;2;L174;6.014;4.229;0.413;
S99;coarse;06.06.2019;13.06.2019;3;L138;6.033;4.378;0.395;
S70;coarse;03.06.2019;10.06.2019;1;L225;5.936;0.184;0.054;
S70;coarse;03.06.2019;10.06.2019;2;L170;6.031;0.26;0.063;
S70;coarse;03.06.2019;10.06.2019;3;L109;5.992;0.09;0.014;
S78;coarse;06.06.2019;13.06.2019;1;L128;5.99;3.614;0.414;
S78;coarse;06.06.2019;13.06.2019;2;L066;6.021;3.363;0.382;
S78;coarse;06.06.2019;13.06.2019;3;L069;5.966;3.665;0.4;
S80;coarse;07.06.2019;13.06.2019;1;L120;6.037;3.697;0.977;
S80;coarse;07.06.2019;13.06.2019;2;L068;6.001;3.254;0.489;
S80;coarse;07.06.2019;13.06.2019;3;L152;5.975;3.816;1.061;
S81;coarse;06.06.2019;14.06.2019;1;L155;6.017;2.385;0.552;
S81;coarse;06.06.2019;14.06.2019;2;L197;6.044;3.413;0.653;
S81;coarse;06.06.2019;14.06.2019;3;L125;6.044;1.788;0.212;
S101;coarse;07.06.2019;14.06.2019;1;L186;5.993;3.958;0.304;
S101;coarse;07.06.2019;14.06.2019;2;L119;6.013;4.043;0.322;
S101;coarse;07.06.2019;14.06.2019;3;L150;5.963;4.107;0.32;
S116;coarse;03.06.2019;11.06.2019;1;L191;5.951;4.104;0.443;
S116;coarse;03.06.2019;11.06.2019;2;L200;6.013;4.234;0.52;
S116;coarse;03.06.2019;11.06.2019;3;L227;5.966;3.611;0.481;
S83;coarse;03.06.2019;11.06.2019;1;L061;6.033;6.487;3.561;
S83;coarse;03.06.2019;11.06.2019;2;L032;5.977;6.74;2.783;
S83;coarse;03.06.2019;11.06.2019;3;L314;6.005;7.101;4.123;
S118;coarse;03.06.2019;11.06.2019;1;L100;6.023;3.187;1.667;
S118;coarse;03.06.2019;11.06.2019;2;L022;6;2.36;0.803;
S118;coarse;03.06.2019;11.06.2019;3;L024;6.084;1.154;0.232;
S102;coarse;04.06.2019;11.06.2019;1;L189;6.016;1.282;0.2;
S102;coarse;04.06.2019;11.06.2019;2;L126;6.031;0.632;0.104;
S102;coarse;04.06.2019;11.06.2019;3;L048;6.038;1.219;0.194;
S86;coarse;03.06.2019;11.06.2019;1;L093;5.966;4.676;0.802;
S86;coarse;03.06.2019;11.06.2019;2;L139;5.966;4.64;0.871;
S86;coarse;03.06.2019;11.06.2019;3;L226;5.952;4.773;0.891;
S2;fine;03.06.2019;11.06.2019;1;135;6.017;4.577;0.508;
S2;fine;03.06.2019;11.06.2019;2;232;5.98;4.341;0.464;
S2;fine;03.06.2019;11.06.2019;3;615;5.984;5.769;1.492;
S3;fine;03.06.2019;11.06.2019;1;714;6.005;7.134;2.347;
S3;fine;03.06.2019;11.06.2019;2;127;6.003;6.102;2.111;do not use
S3;fine;03.06.2019;11.06.2019;3;736;6.005;4.097;0.572;
S5;fine;03.06.2019;11.06.2019;1;147;6.004;4.778;0.553;
S5;fine;03.06.2019;11.06.2019;2;619;6.008;15.745;9.751;do not use
S5;fine;03.06.2019;11.06.2019;3;49;6.008;5.06;0.787;
S7;fine;06.06.2019;12.06.2019;1;745;5.998;6.132;2.088;
S7;fine;06.06.2019;12.06.2019;2;501;6.017;6.56;2.475;
S7;fine;06.06.2019;12.06.2019;3;692;5.976;6.102;2.111;
S8;fine;06.06.2019;12.06.2019;1;20;5.954;4.7;0.497;
S8;fine;06.06.2019;12.06.2019;2;551;5.986;4.755;0.505;
S8;fine;06.06.2019;12.06.2019;3;108;6.032;4.555;0.426;
S10;fine;06.06.2019;14.06.2019;1;298;6.025;5.325;1.586;
S10;fine;06.06.2019;14.06.2019;2;206;5.984;4.491;0.842;
S10;fine;06.06.2019;14.06.2019;3;604;6.049;4.303;0.67;
S11;fine;05.06.2019;13.06.2019;1;522;5.953;4.87;1.033;
S11;fine;05.06.2019;13.06.2019;2;608;6.021;4.824;0.973;
S11;fine;05.06.2019;13.06.2019;3;582;6.026;4.496;0.711;
S104;fine;03.06.2019;11.06.2019;1;602;5.986;4.558;0.537;
S104;fine;03.06.2019;11.06.2019;2;743;6.038;4.584;0.363;do not use
S104;fine;03.06.2019;11.06.2019;3;629;5.956;4.549;0.76;
S14;fine;04.06.2019;11.06.2019;1;504;6.014;5.104;1.365;
S14;fine;04.06.2019;11.06.2019;2;656;6.004;4.053;0.544;
S14;fine;04.06.2019;11.06.2019;3;90;6.018;4.356;0.559;
S15;fine;05.06.2019;13.06.2019;1;676;6.051;4.666;0.754;
S15;fine;05.06.2019;13.06.2019;2;702;6.046;4.525;0.72;
S15;fine;05.06.2019;13.06.2019;3;605;5.994;4.604;0.766;
S16;fine;06.06.2019;13.06.2019;1;17;6.044;4.506;0.81;
S16;fine;06.06.2019;13.06.2019;2;43;5.953;5.943;2.073;
S16;fine;06.06.2019;13.06.2019;3;686;5.986;7.8;3.806;
S17;fine;06.06.2019;13.06.2019;1;150;5.984;5.218;1.354;
S17;fine;06.06.2019;13.06.2019;2;507;6.037;4.653;0.58;
S17;fine;06.06.2019;13.06.2019;3;11;5.969;5.391;1.658;
S20;fine;06.06.2019;14.06.2019;1;111;5.987;4.413;0.705;
S20;fine;06.06.2019;14.06.2019;2;260;6.049;4.719;0.864;
S20;fine;06.06.2019;14.06.2019;3;674;6.006;5.607;1.898;
S21;fine;04.06.2019;12.06.2019;1;627;6.041;5.167;1.236;
S21;fine;04.06.2019;12.06.2019;2;680;6.027;5.113;1.114;
S21;fine;04.06.2019;12.06.2019;3;575;5.994;5.433;1.115;
S22;fine;04.06.2019;12.06.2019;1;769;5.97;4.408;0.718;
S22;fine;04.06.2019;12.06.2019;2;542;5.961;4.801;1.222;
S22;fine;04.06.2019;12.06.2019;3;630;5.979;4.747;1.044;
S23;fine;04.06.2019;12.06.2019;1;222;6.024;5.576;1.959;
S23;fine;04.06.2019;12.06.2019;2;64;5.999;5.305;1.486;do not use
S23;fine;04.06.2019;12.06.2019;3;539;5.951;4.702;1.141;
S26;fine;04.06.2019;12.06.2019;1;760;;NA;NA;do not use
S26;fine;04.06.2019;12.06.2019;2;549;6.047;4.609;0.527;
S26;fine;04.06.2019;12.06.2019;3;516;6.023;6.449;1.938;
S28;fine;04.06.2019;12.06.2019;1;67;5.985;5.058;0.648;
S28;fine;04.06.2019;12.06.2019;2;98;6.048;4.737;0.448;
S28;fine;04.06.2019;12.06.2019;3;53;6.03;4.842;0.505;
S29;fine;05.06.2019;13.06.2019;1;126;5.961;4.452;0.289;
S29;fine;05.06.2019;13.06.2019;2;151;6.046;4.534;0.303;
S29;fine;05.06.2019;13.06.2019;3;130;5.963;4.148;0.233;
S90;fine;04.06.2019;12.06.2019;1;700;6.028;4.403;0.382;
S90;fine;04.06.2019;12.06.2019;2;141;5.961;4.343;0.444;
S90;fine;04.06.2019;12.06.2019;3;570;5.985;4.084;0.329;
S30;fine;07.06.2019;14.06.2019;1;118;5.967;4.408;0.379;
S30;fine;07.06.2019;14.06.2019;2;12;5.975;4.485;0.324;
S30;fine;07.06.2019;14.06.2019;3;93;5.989;4.456;0.389;
S31;fine;07.06.2019;14.06.2019;1;117;5.993;4.657;0.464;
S31;fine;07.06.2019;14.06.2019;2;265;5.977;4.358;0.513;
S31;fine;07.06.2019;14.06.2019;3;124;5.952;NA;NA;do not use
S105;fine;05.06.2019;12.06.2019;1;194;5.992;5.372;1.134;
S105;fine;05.06.2019;12.06.2019;2;137;6.034;5.291;1.12;
S105;fine;05.06.2019;12.06.2019;3;133;6.013;5.915;1.526;
S35;fine;05.06.2019;12.06.2019;1;26;6.006;NA;NA;do not use
S35;fine;05.06.2019;12.06.2019;2;737;5.979;4.713;1.007;
S35;fine;05.06.2019;12.06.2019;3;92;6.003;NA;NA;do not use
S37;fine;05.06.2019;13.06.2019;1;61;6.017;6.253;2.169;
S37;fine;05.06.2019;13.06.2019;2;180;5.984;5.625;1.915;
S37;fine;05.06.2019;13.06.2019;3;617;6.028;5.925;1.86;
S38;fine;04.06.2019;12.06.2019;1;91;6.033;5.821;2.22;
S38;fine;04.06.2019;12.06.2019;2;52;6;8.684;4.638;
S38;fine;04.06.2019;12.06.2019;3;60;5.981;8.427;4.585;
S39;fine;05.06.2019;12.06.2019;1;80;5.993;7.176;3.316;
S39;fine;05.06.2019;12.06.2019;2;57;6;5.137;1.577;
S39;fine;05.06.2019;12.06.2019;3;146;5.995;6.977;3.352;
S106;fine;06.06.2019;14.06.2019;1;186;6.028;4.588;0.489;
S106;fine;06.06.2019;14.06.2019;2;148;6.047;4.782;0.853;
S106;fine;06.06.2019;14.06.2019;3;38;5.973;5.842;1.947;
S92;fine;05.06.2019;12.06.2019;1;287;6.005;4.584;0.393;
S92;fine;05.06.2019;12.06.2019;2;33;6.05;4.498;0.405;
S92;fine;05.06.2019;12.06.2019;3;672;5.986;4.522;0.363;
S93;fine;05.06.2019;13.06.2019;1;165;5.989;5.053;1.066;
S93;fine;05.06.2019;13.06.2019;2;598;5.969;5.116;1.101;
S93;fine;05.06.2019;13.06.2019;3;115;5.974;5.277;1.225;
S43;fine;05.06.2019;13.06.2019;1;687;5.985;4.594;0.625;
S43;fine;05.06.2019;13.06.2019;2;523;6.042;4.52;0.508;
S43;fine;05.06.2019;13.06.2019;3;214;5.986;4.348;0.529;
S107;fine;07.06.2019;14.06.2019;1;138;5.968;5.327;0.837;
S107;fine;07.06.2019;14.06.2019;2;611;6.01;4.961;0.655;
S107;fine;07.06.2019;14.06.2019;3;149;5.979;4.818;0.56;
S44;fine;06.06.2019;13.06.2019;1;203;6.037;5.375;1.099;
S44;fine;06.06.2019;13.06.2019;2;758;6.05;5.979;1.652;
S44;fine;06.06.2019;13.06.2019;3;659;6;5.765;1.636;
S108;fine;04.06.2019;11.06.2019;1;671;5.978;4.55;0.803;
S108;fine;04.06.2019;11.06.2019;2;157;5.983;4.637;0.731;
S108;fine;04.06.2019;11.06.2019;3;291;6.022;5.029;1.125;
S45;fine;06.06.2019;13.06.2019;1;283;5.985;4.752;0.529;
S45;fine;06.06.2019;13.06.2019;2;562;6.039;4.979;0.746;
S45;fine;06.06.2019;13.06.2019;3;55;6.017;5.015;0.619;
S109;fine;05.06.2019;12.06.2019;1;560;5.971;5.534;1.533;
S109;fine;05.06.2019;12.06.2019;2;685;5.968;4.478;0.616;
S109;fine;05.06.2019;12.06.2019;3;63;6.044;5.444;1.299;
S48;fine;04.06.2019;12.06.2019;1;654;5.995;4.383;0.247;
S48;fine;04.06.2019;12.06.2019;2;754;5.993;4.56;0.309;
S48;fine;04.06.2019;12.06.2019;3;1;6.043;4.448;0.337;
S49;fine;04.06.2019;12.06.2019;1;198;5.994;5.684;1.779;
S49;fine;04.06.2019;12.06.2019;2;223;5.96;5.345;1.407;
S49;fine;04.06.2019;12.06.2019;3;515;6.031;5.503;1.139;
S95;fine;04.06.2019;11.06.2019;1;102;6.032;4.669;0.613;
S95;fine;04.06.2019;11.06.2019;2;508;6.034;4.987;0.756;
S95;fine;04.06.2019;11.06.2019;3;537;5.95;4.65;0.491;
S50;fine;04.06.2019;12.06.2019;1;100;5.965;4.484;0.633;
S50;fine;04.06.2019;12.06.2019;2;23;6.035;4.8;1.036;
S50;fine;04.06.2019;12.06.2019;3;18;6.025;5.215;1.259;
S53;fine;03.06.2019;11.06.2019;1;533;6.001;NA;NA;do not use
S53;fine;03.06.2019;11.06.2019;2;520;5.98;4.959;1.2;do not use
S53;fine;03.06.2019;11.06.2019;3;751;5.963;9.017;4.996;
S56;fine;04.06.2019;11.06.2019;1;543;6.042;6.298;2.164;
S56;fine;04.06.2019;11.06.2019;2;639;6.024;7.3;2.974;
S56;fine;04.06.2019;11.06.2019;3;573;6.001;NA;NA;do not use
S57;fine;04.06.2019;11.06.2019;1;296;5.984;10.19;8.681;
S57;fine;04.06.2019;11.06.2019;2;667;5.954;NA;NA;do not use
S57;fine;04.06.2019;11.06.2019;3;30;5.956;5.693;1.896;
S58;fine;03.06.2019;11.06.2019;1;22;6.008;8.36;4.523;
S58;fine;03.06.2019;11.06.2019;2;767;6.055;8.728;4.814;
S58;fine;03.06.2019;11.06.2019;3;29;6.04;44.561;39.834;
S112;fine;03.06.2019;11.06.2019;1;45;6.049;11.956;7.9;
S112;fine;03.06.2019;11.06.2019;2;294;6.027;16.424;11.499;
S112;fine;03.06.2019;11.06.2019;3;35;5.964;35.385;27.593;
S59;fine;05.06.2019;12.06.2019;1;244;6.034;4.732;0.786;
S59;fine;05.06.2019;12.06.2019;2;241;6.024;5.079;1.197;
S59;fine;05.06.2019;12.06.2019;3;193;6.034;4.812;1.074;
S60;fine;05.06.2019;12.06.2019;1;556;6.008;22.972;18.819;
S60;fine;05.06.2019;12.06.2019;2;184;6.026;19.452;15.537;
S60;fine;05.06.2019;12.06.2019;3;609;5.974;6.627;2.791;
S114;fine;04.06.2019;11.06.2019;1;632;6.046;16.148;9.334;do not use
S114;fine;04.06.2019;11.06.2019;2;640;5.968;NA;NA;do not use
S114;fine;04.06.2019;11.06.2019;3;650;5.989;16.355;9.286;
S96;fine;06.06.2019;13.06.2019;1;234;5.971;4.997;0.695;
S96;fine;06.06.2019;13.06.2019;2;960;5.985;4.347;0.405;
S96;fine;06.06.2019;13.06.2019;3;112;5.98;4.983;0.704;
S61;fine;06.06.2019;14.06.2019;1;59;5.99;4.612;0.93;
S61;fine;06.06.2019;14.06.2019;2;105;5.989;6.749;2.368;
S61;fine;06.06.2019;14.06.2019;3;305;5.99;13.508;8.83;
S63;fine;05.06.2019;13.06.2019;1;658;6.028;3.956;0.468;
S63;fine;05.06.2019;13.06.2019;2;219;5.993;4.366;0.322;
S63;fine;05.06.2019;13.06.2019;3;101;6.046;4.394;0.524;
S65;fine;05.06.2019;13.06.2019;1;27;5.952;4.592;0.548;
S65;fine;05.06.2019;13.06.2019;2;218;6.032;4.706;0.486;
S65;fine;05.06.2019;13.06.2019;3;240;6.01;4.428;0.492;
S66;fine;03.06.2019;10.06.2019;1;104;6.048;5.325;3.472;
S66;fine;03.06.2019;10.06.2019;2;256;6.032;7.188;2.991;
S66;fine;03.06.2019;10.06.2019;3;701;6.012;7.677;3.428;
S123;fine;03.06.2019;10.06.2019;1;139;6.022;4.244;0.314;
S123;fine;03.06.2019;10.06.2019;2;48;6.046;4.34;0.274;
S123;fine;03.06.2019;10.06.2019;3;225;5.965;4.39;0.343;
S97;fine;03.06.2019;10.06.2019;1;40;5.983;8.818;4.399;
S97;fine;03.06.2019;10.06.2019;2;167;5.983;5.597;1.405;
S97;fine;03.06.2019;10.06.2019;3;113;5.954;10.495;5.17;
S74;fine;04.06.2019;11.06.2019;1;71;5.978;7.662;3.673;
S74;fine;04.06.2019;11.06.2019;2;707;6.009;6.37;2.46;
S74;fine;04.06.2019;11.06.2019;3;56;6.026;6.178;2.123;
S75;fine;07.06.2019;14.06.2019;1;25;5.968;5.197;1.203;
S75;fine;07.06.2019;14.06.2019;2;162;6.045;4.91;1.01;
S75;fine;07.06.2019;14.06.2019;3;46;5.972;4.586;0.762;
S98;fine;06.06.2019;13.06.2019;1;703;6.03;5.731;1.512;
S98;fine;06.06.2019;13.06.2019;2;599;6.046;8.013;3.569;
S98;fine;06.06.2019;13.06.2019;3;518;6.041;NA;NA;do not use
S76;fine;04.06.2019;11.06.2019;1;233;6.05;4.375;0.582;
S76;fine;04.06.2019;11.06.2019;2;768;5.996;4.408;0.718;
S76;fine;04.06.2019;11.06.2019;3;202;5.956;4.568;0.94;
S99;fine;06.06.2019;13.06.2019;1;42;5.97;6.826;2.577;
S99;fine;06.06.2019;13.06.2019;2;116;6.046;9.566;4.808;
S99;fine;06.06.2019;13.06.2019;3;327;6.039;5.672;1.484;
S70;fine;03.06.2019;10.06.2019;1;748;6.002;9.138;4.284;do not use
S70;fine;03.06.2019;10.06.2019;2;207;5.987;4.523;0.317;
S70;fine;03.06.2019;10.06.2019;3;729;5.985;4.502;0.28;
S78;fine;06.06.2019;13.06.2019;1;99;5.999;4.067;0.472;
S78;fine;06.06.2019;13.06.2019;2;37;6.24;4.442;0.77;
S78;fine;06.06.2019;13.06.2019;3;525;5.98;4.544;0.881;
S80;fine;07.06.2019;13.06.2019;1;678;6.048;7.128;2.855;
S80;fine;07.06.2019;13.06.2019;2;638;6.05;6.155;2.148;
S80;fine;07.06.2019;13.06.2019;3;722;5.993;5.512;1.743;
S81;fine;06.06.2019;14.06.2019;1;721;6.012;5.772;1.936;
S81;fine;06.06.2019;14.06.2019;2;50;5.954;4.851;1.453;
S81;fine;06.06.2019;14.06.2019;3;577;6.031;5.523;1.878;
S101;fine;07.06.2019;14.06.2019;1;619;6.008;4.563;0.282;
S101;fine;07.06.2019;14.06.2019;2;740;6.043;4.557;0.299;
S101;fine;07.06.2019;14.06.2019;3;227;5.992;4.42;0.266;
S116;fine;03.06.2019;11.06.2019;1;261;6.039;4.546;0.454;
S116;fine;03.06.2019;11.06.2019;2;83;6.043;5.021;0.874;
S116;fine;03.06.2019;11.06.2019;3;594;5.982;4.502;0.598;
S83;fine;03.06.2019;11.06.2019;1;723;5.96;8.159;4.678;
S83;fine;03.06.2019;11.06.2019;2;68;6.04;9.664;5.654;
S83;fine;03.06.2019;11.06.2019;3;211;5.989;6.402;2.865;do not use
S118;fine;03.06.2019;11.06.2019;1;621;5.982;10.088;6.263;
S118;fine;03.06.2019;11.06.2019;2;3;6.041;19.838;8.818;
S118;fine;03.06.2019;11.06.2019;3;16;6.047;36.536;30.012;
S102;fine;04.06.2019;11.06.2019;1;231;5.952;7.171;2.719;
S102;fine;04.06.2019;11.06.2019;2;97;6.026;4.853;0.846;
S102;fine;04.06.2019;11.06.2019;3;205;5.99;4.812;0.757;
S86;fine;03.06.2019;11.06.2019;1;567;6.022;4.573;0.704;
S86;fine;03.06.2019;11.06.2019;2;106;5.982;4.729;0.595;
S86;fine;03.06.2019;11.06.2019;3;110;5.964;4.801;0.721;
