"siteID","streamType","area","ratio_agri","agri_buffer","urb_buffer","for_buffer","grass_buffer","spec_buffer","FU_rich_buffer","fine_sub","sand","CPOM","temp","temp_coarse","speartaxa","abu_shr","perc_shred","EC_t1","EC_t2","O2_t1","O2_t2","NO2_t1","NO3_t1","PO4_t1","NH4_t1","NO2_t2","NO3_t2","PO4_t2","NH4_t2","TP_t1","TNb_t1","NP_ratio_t1","As_t1","Zn_t1","Pb_t1","Hg_t1","Cu_t1","Cd_t1","TP_t2","TNb_t2","NP_ratio_t2","As_t2","Zn_t2","Pb_t2","Hg_t2","Cu_t2","Cd_t2","pH_t1","pH_t2","flow_t1","flow_t2","sumTU_fu_date_t1","sumTU_fu_date_t2","sumTU_iv_date_t1","sumTU_iv_date_t2"
"S2","14.0",15.27875,85.63,92.9470093972882,0.645262724966418,1.93069226682454,4.47703561092085,0,0,80,70,10,13.5362367703738,13.0194675925926,0.412046046025999,118.72,28.6486486486487,492.6,493.5,NA,NA,0.129333333333333,2.15433333333333,3.95266666666667,1.04066666666667,0.076,1.682,1.073,0.258,0.299,3.55033333333333,7.70165669742603,0.666666666666667,0.5,0.15,0.01,0.733333333333333,0.005,0.3345,4.915,9.75204644964782,0.975,0.5,0.2125,0.009,0.85,0.005,7.87,7.82,0.13,0.13,-2.41126029495752,-2.33803231421985,-4.06164910212172,-3.33725094445564
"S3","11.0",8.323125,63.94,41.8049502914326,0.609043545370512,12.6346281669749,44.951377996222,0,0,77.5,72.5,5,14.6968630952381,14.8429236111111,0.500656978495487,143.52,20.2027027027027,370.9,380.8,NA,NA,0.101666666666667,5.725,0.708,0.250666666666667,0.059,1.726,0.31,0.26,0.168666666666667,1.93666666666667,11.8558898156536,0.666666666666667,2.33333333333333,0.39,0.00833333333333333,3.43333333333333,0.005,0.1185,1.64,13.0812324929972,0.7,3.25,0.5725,0.0075,4.9,0.005,7.615,7.53,0.18,0.18,-3.31045059953336,-3.64665780005607,-3.98334248534629,-3.39348628762816
"S5","14.0",18.319375,85.85,57.0509523473652,3.23882824157305,11.7366677578162,27.9735516532456,0,0,25,25,5,17.0450880707287,16.6566157407407,0.509148327626356,372.64,56.7771818625061,643.6,625.3,5.89,5.72,0.24575,23.16275,3.052,0.65775,0.1725,9.318,1.4935,1.0515,0.04225,6.72975,168.67739359406,1.35,1.25,0.0875,0.00175,2.575,0.00875,0.0515,1.335,22.7721661054994,1.45,1.25,0.0875,0.0025,1.35,0.0125,7.755,7.71,0.02,0.02,-2.48798276481609,-2.53128474373572,-2.84897940000542,-2.17658733242155
"S7","5.0",15.07,17.59,55.6418661177723,8.15144300130994,2.8502261134821,33.3564647674357,30.6983468290354,30.7195732964368,0,0,10,16.9212017195704,13.8479666666667,0.629880472084076,4.88,1.85523114355231,93.6,89.9,8.34,9.13,0.025,4.98,0.075,0.029,0.025,5.976,0.075,0.023,0.079,1.80233333333333,43.0885491320274,0.233333333333333,3.16666666666667,0.04,0.006,4.13333333333333,0.01,0.161,1.95,12.111801242236,0.05,3,0.025,0.001,0.9,0.02,7.6015,7.74,0.23625,0.295,-3.07828712139775,-3.9974163694987,-2.0949270524494,-1.59232646135472
"S8","6.0",6.26375,43.61,47.8767485339011,3.97911684373697,13.2362064914799,34.907928130882,0.788865536901698,0.904726970817501,20,10,0,18.0405211663337,15.732673992674,0.44694045151608,274.72,50.4406580493537,496.3,522.2,5.71,7.15,0.083,1.288,0.498333333333333,0.128666666666667,0.112,1.682,0.71,0.1815,0.0125,0.69875,38.9144736842105,1.5,1,0.0533333333333333,0.003,2,0.005,0.019,1.36,71.5789473684211,1.25,1.25,0.0675,0.001,2.25,0.005,7.469,6.88,0.18625,0.065,-2.64834073900698,-2.20115521747158,-3.31588382021668,-2.23640074122914
"S10","2.1",19.291875,59.48,49.8422200898923,3.78215261818892,27.5685887722137,18.8070385197051,0,0,15,12.5,2.5,17.3804863617886,15.9723680555556,0.647518920882398,62.64,17.7269640027168,603.2,710.3,6.81,6.37,0.1215,16.844,1.0075,0.067,0.151,17.486,0.963,0.098,0.0995,5.365,60.7900432900433,1.7,1.25,0.025,0.003,2.5,0.005,0.154,7.43,48.2467532467532,1.5,0.5,0.025,0.001,1.4,0.005,7.495,6.94,0.145,0.2,-2.06071120846527,-2.05275718135183,-1.40932407926947,-1.56250476924585
"S11","2.1",2.815,75.68,46.1465442348406,3.46449147784566,21.9992665936457,28.389697693668,0,0,45,17.5,0,15.6200006831563,14.6539741166009,0.15263100289337,5.92,5.79029733959311,658,631.3,7.68,8.1,0.212,30.3235,0.6965,0.0885,0.194,33.555,0.396,0.077,0.135,12.2,156.301879591642,0.95,0.5,0.025,0.0025,0.75,0.005,0.047,12.1,257.446808510638,0.9,0.5,0.025,0.001,0.1,0.005,7.505,6.83,0.275,0.3,-2.15120152857693,-2.0215300520523,-3.30609133040516,-3.04236463625366
"S104","6.1",14.395625,0,0,0,82.100222655705,17.899777344295,0,0,20,15,7.5,15.457859445711,14.7440178571429,0.618247505124902,129.76,32.4789747697237,855.5,774.6,8.52,8.8,0.025,2.6785,0.075,0.018,0.025,2.258,0.075,0.01,0.0065,0.591,124.433333333333,1,0.5,0.025,0.0035,1.85,0.0125,0.003,0.56,186.666666666667,0.8,0.5,0.025,0.001,2.8,0.005,6.885,6.87,0.275,0.45,-2.4367245908056,-2.36476837247928,-4.47229281514613,-4.4157747653057
"S14","6.1",13.00875,76.51,68.9855821937726,10.8167803340651,1.02427035331786,19.1733671188444,0,0,60,50,0,16.1311695906433,16.3745259069898,0.174453764665085,363.36,28.3839520059992,1583.9,1743.2,7.98,8.53,0.383,43.1016666666667,1.51866666666667,0.0706666666666667,0.591,49.978,2.738,0.149,0.163666666666667,15.1,634.844979997419,1.15,3.25,0.0625,0.002,1.75,0.005,0.01,17.4,1740,1.1,0.5,0.025,0.001,2.5,0.005,6.745,6.73,0.3,0.3,-1.93906265409613,-1.72153757267335,-2.26460435341512,-1.93627910196005
"S15","3.1",15.551875,36.51,47.9427710325235,12.8608495893342,0,39.1963793781423,0,0,5,5,0,17.8140095243987,15.7977388753576,0.500314324135837,0.24,0.0336398295581969,556,523.3,7.41,8.475,0.025,23.395,0.1465,0.0325,0.025,26.073,0.075,0.028,0.021,7.04,333.680555555556,0.375,0.5,0.025,0.0025,0.7,0.005,0.024,8.27,344.583333333333,0.05,0.5,0.025,0.001,0.1,0.005,7.775,7.04,0.275,0.35,-2.65485698624521,-3.11451813228222,-4.09847627887603,-5.1152439937405
"S16","2.1",11.855,62.62,36.6570037333393,3.67007092641266,20.067026686369,39.605898653879,0,0,25,15,0,17.6517506255999,15.6535260416667,0.487141896094065,169.92,29.1517979687071,474.4,423.7,8.08,8.5,0.2545,21.4475,0.532,0.096,0.345,23.373,0.583,0.13,0.094,7.09,91.6782608695652,2.5,1.25,0.025,0.003,1.45,0.005,0.138,7.86,56.9565217391304,2.1,0.5,0.025,0.001,1,0.005,7.59,6.84,0.525,0.8,-3.75119670914858,-4.30008499549752,-3.78164847607572,-3.34289831572929
"S17","2.1",9.128125,68.13,52.9842520671733,3.67257929337081,5.60979676488891,37.733371874567,0,0,45,17.5,0,16.8808908795768,14.9841798125435,0.469355813678756,7.6,8.78003696857671,480.35,533.85,8,8.34,0.1445,14.9405,0.497,0.0635,0.171,13.723,0.396,0.075,0.089,4.93,67.2932692307692,2.45,0.5,0.025,0.001,1.5,0.005,0.13,5.39,41.4615384615385,1.9,0.5,0.025,0.001,1.4,0.005,7.64,6.87,0.5,0.6,-2.47433669898359,-2.43098504393118,-2.71027059430183,-2.64147872564304
"S20","2.1",22.550625,78.62,70.2109653980832,4.07474440873732,5.4454320270455,20.268858166134,0,0.720025813445745,5,0,0,20.6112247487082,18.3469533847522,0.410063692682696,299.52,28.6523302976965,714.9,742,7.04,8.13,0.4415,31.452,0.367,0.134,0.328,29.615,0.075,0.027,0.228333333333333,10.9333333333333,1327.10516904624,1.56666666666667,1,0.025,0.002,6.06666666666667,0.005,0.003,11.6,3866.66666666667,1.3,0.5,0.025,0.001,1.1,0.005,7.84,6.9,0.325,0.25,-2.68712825792233,-2.62774452248634,-3.18673349848228,-3.79690624986898
"S21","5.0",8.09375,15.94,11.1792044915913,9.48116512279755,27.8077557509519,51.5318746346592,0,0,10,0,0,17.4583396654423,15.6638858636821,0.462161174228436,199.76,51.000816993464,249.2,216,7.79,8.35,0.0535,7.0165,0.2145,0.03,0.082,8.455,0.233,0.037,0.057,2.115,72.7596153846154,0.05,0.5,0.025,0.004,1.6,0.005,0.104,3.07,29.5192307692308,0.05,0.5,0.025,0.004,1.6,0.005,6.115,7.5,0.125,0.2,-2.51270745964518,-2.42946045093882,-4.57968075574204,-4.07513567463312
"S22","5.0",11.9075,42.84,21.2553480622372,0.536076762412403,52.2443044875751,25.9642706877753,0,0,70,5,0,17.6245022982202,16.0198964404022,0.128841333150602,24.56,1.92730240441961,375.2,324.15,7.5,7.87,0.128,11.8195,0.773,0.0835,0.144,11.111,0.813,0.09,0.1425,2.4435,15.6150442477876,0.475,0.5,0.025,0.0055,2.05,0.005,0.226,4.12,18.2300884955752,0.05,0.5,0.025,0.008,2.2,0.005,6.95,6.95,0.175,0.3,-2.72607342190949,-2.83201966201008,-3.83186975741834,-2.60866604453225
"S23","5.0",18.249375,30.04,35.7964827485792,8.33286004539914,28.2603507267116,27.6103064793101,0,0,7.5,5,0,15.677805907173,16.05954556376,0.44777731653272,232.32,33.6227856894755,273.7,335.3,7.88,8.27,0.056,15.6485,0.1155,0.0325,0.059,15.759,0.075,0.039,0.011,3.855,350.454545454545,0.1875,3.75,0.06125,0.00233333333333333,3.5,0.005,0.011,4.51,410,0.05,4.75,0.0975,0.001,3.65,0.005,5.905,6.58,0.325,0.4,-2.36456633240233,-2.48090392757137,-3.44187130855493,-3.71439522234233
"S26","16.0",7.505625,34.6,53.1730534645437,3.35265351153322,8.62873466215015,34.8455583617729,0,0,25,0,2.5,17.194645518405,15.5277060185185,0.395237272160445,531.76,51.9540409566985,480.9,545.45,5.64,4.235,0.114,3.33466666666667,2.27366666666667,0.272333333333333,0.1035,3.165,1.334,0.214,0.16,1.77333333333333,11.0745847110691,1.96666666666667,1.33333333333333,0.025,0.003,0.733333333333333,0.02,0.167,2.04,12.3653017241379,1.65,0.5,0.025,0.004,0.7,0.02,7.745,7.85,0.013,0.013,-2.61873303576433,-2.52652317029717,-2.30993156413147,-1.30593620445603
"S28","11.0",9.039375,93.59,84.2437496655758,1.75583724937829,0,14.0004130850459,0,0,72.5,52.5,10,14.7593430814355,14.7488217592593,0.621445293662046,58.48,17.9342492639843,682,685.45,4.51,6.38,0.0543333333333333,3.45266666666667,0.911,0.0673333333333333,0.055,3.6295,0.9465,0.06,0.0383333333333333,0.871666666666667,20.21800625595,0.266666666666667,2.5,0.025,0.001,0.7,0.005,0.05,1.235,25.4936760505916,0.375,1.75,0.025,0.001,0.65,0.005,7.765,7.72,0.1,0.1,-2.37000993562282,-2.29332575464609,-3.48720408028354,-2.5542896377232
"S29","14.0",13.975,77.27,56.3312814092856,3.52461706334441,26.9209374337157,13.2231640936543,0,0,57.5,47.5,17.5,17.7482745680894,16.9172685185185,0.403092549275157,73.68,11.0643921191735,706.75,572.55,2.3,2.48,0.0685,2.5455,1.334,0.591,0.025,1.594,1.748,0.984,0.199,2.88,14.2633220189309,3.25,1.25,0.025,0.027,1.05,0.005,0.141,1.91,13.5460992907801,2.9,0.5,0.025,0.05,1,0.005,7.425,7.45,0,0,-2.3053549499689,-2.46043021065564,-2.55890800500869,-2.08605035070522
"S90","14.0",15.931875,63.22,41.3661665809486,0.155982682986413,16.0875834030362,42.3902673330288,0,0,57.5,57.5,0,18.7,18.3,0.49190999857773,135.04,20.9559279950341,NA,NA,NA,NA,0.1785,8.0125,0.075,0.0225,0.144,6.375,0.075,0.035,0.014,2.75,514.8,0.9,0.5,0.025,0.001,1.05,0.005,0.025,2.74,109.6,1,0.5,0.025,0.001,0.6,0.005,7.515,7.56,0,0,-2.81568896720486,-3.04597772396334,-5.3337151713404,-5.21434237481402
"S30","14.0",9.13,48.56,10.9265259772123,0.975325054521536,30.7273503189703,57.3707986492959,0,0,22.5,12.5,65,17.4302801883454,16.7997830332289,0.345917400465026,49.2,7.17870899964982,480.1,477.4,3.83,3.34,0.298,9.606,0.549666666666667,0.515,0.2975,8.92,0.4765,0.696,0.096,4.14,49.1608559795474,1.56666666666667,4.66666666666667,0.318333333333333,0.00466666666666667,3.9,0.015,0.119,4.975,49.0412839693211,1.4,3.5,0.3975,0.005,4.4,0.0125,7.48,7.37,0.08,0.08,-2.46417803121686,-2.41820057015891,-2.75104640119451,-2.74800682336502
"S31","14.0",11.216875,46.3,51.4070126402023,6.56814398149596,33.6772522046154,8.34759117368634,30.6443056553752,30.6443056553752,42.5,37.5,12.5,NA,NA,0.2395402509634,280.32,50.5190311418685,NA,NA,NA,NA,0.113,5.917,0.326,0.33,0.102,5.976,0.285,0.115,0.0953333333333333,2.52333333333333,46.2778530767146,0.516666666666667,1.33333333333333,0.118333333333333,0.00433333333333333,1.4,0.01,0.034,1.65,48.5294117647059,0.8,0.5,0.025,0.001,0.1,0.005,7.995,7.92,0.22,0.22,-2.74589933704921,-2.42179821589359,-0.554764002830595,-0.0832068928162998
"S105","18.0",4.616875,0,0,0,99.998217442005,0.00178255799499993,0,0,22.5,10,25,10.4700111340497,9.96321167883212,0.796129094387922,172.88,30.7834757834758,756.6,758.2,9.07,9.1,0.0505,2.641,0.120666666666667,0.1185,0.0505,2.213,0.1435,0.1185,0.0153333333333333,1.10066666666667,147.312169312169,0.05,1,0.0466666666666667,0.00366666666666667,2.8,0.01,0.0215,1.27,93.968253968254,0.05,0.5,0.0575,0.005,3,0.0125,7.735,7.84,0.18,0.18,-2.32857325597712,-2.24556207057589,-4.05488891547584,-3.85774379363658
"S35","18.0",12.24875,82.88,79.2293957409387,8.34666470431433,0,12.423939554747,0,0,45,45,0,18.5053591004893,17.4643151041667,0.53956038291858,34,8.02189505473764,929.8,915.5,8.47,8.55,0.265,15.9894,0.7462,0.2118,0.37,17.6333333333333,1.056,0.314,0.1586,4.978,128.669022819383,1.525,4.5,2.16625,0.00675,4.175,0.0375,0.250666666666667,6.34,111.219707919584,1.8,7.75,4.3075,0.011,4.5,0.07,8.17,8.21,0.3,0.3,-1.5611851678718,-1.41244570792925,-1.60768636460442,-1.43176678877812
"S37","18.0",15.089375,63.35,41.3457490998154,1.09827734468137,39.7630443854959,17.7929291700073,0,1.04898430941843,27.5,12.5,17.5,14.0151492537313,15.3773834836713,0.756619302510501,664.72,54.2823544783432,383.4,253.3,8.11,8.24,0.1015,16.6665,0.184,0.073,0.108,13.59,0.209,0.098,0.039,5.445,149.375,0.325,4.5,0.1975,0.0025,2.8,0.025,0.046,4.37,95,0.6,5,0.37,0.001,4.4,0.02,8.05,8.1,0.3,0.3,-2.37287348023335,-2.256145722094,-3.22567202915686,-2.21395880728824
"S38","6.0",4.611875,69.82,85.8339204120843,0,5.45198852353656,8.71409106437915,0,0,50,50,25,15.9013815667414,15.5993431531741,0.467183143609572,119.52,26.1188811188811,854.9,663.1,NA,1.43,0.0895,30.1756666666667,0.270333333333333,0.0695,0.0895,36.7865,0.188,0.0695,0.0445,6.61,197.980884109916,0.9,1.25,0.025,0.008,2.35,0.03,0.027,8.74,323.703703703704,0.9,0.5,0.025,0.006,2.2,0.03,7.98666666666667,8.08,0.07,0.07,-2.30502475985964,-2.12014977691359,-1.98912735443655,-1.84050987618159
"S39","6.0",8.359375,84.99,78.6737816067359,3.65933449564599,3.40337779201758,14.2635061056005,0,0,70,70,10,15.9431330472103,16.407902047568,0.465438199474241,111.92,25,988.1,1005.2,7.305,7.415,0.171,5.6,0.1355,0.182,0.1775,9.6945,0.217,0.391,0.023,2.125,111.229166666667,0.95,1.75,0.025,0.001,2.6,0.005,0.016,2.77,173.125,0.8,0.5,0.025,0.001,1.7,0.005,7.94,7.77,0.18,0.18,-1.53397587549372,-1.48019872039155,-2.90198671268093,-2.1351329193394
"S106","16.0",31.608125,0,0,0,82.5198729316721,17.4801270683279,0,0,35,12.5,0,13.0804531668717,13.9090614886731,0.854913428536053,177.92,31.6268486916951,136.9,135.9,8.215,8.215,0.025,10.0485,0.075,0.037,0.025,9.606,0.075,0.037,0.02,3.29,164.5,0.05,2,0.025,0.001,0.1,0.08,0.02,3.29,164.5,0.05,2,0.025,0.001,0.1,0.08,7.65,7.9,0.6,0.6,-2.46118538019415,-2.33582829463807,-4.48725716639724,-5.30930783863546
"S92","18.0",12.01375,92.02,73.1064695646707,5.17051895367168,8.31345245137898,13.4095590302786,0,7.7655896609465,22.5,20,7.5,15.1502679671964,14.549131279358,0.117970546644101,11.68,7.1323888617489,440.2,476,1.95,2.925,0.192666666666667,3.32,0.46,0.327,0.2595,4.3605,0.4525,0.33,0.08,1.814,14.2184343434343,1.86666666666667,2.16666666666667,0.325,0.001,5.3,0.01,0.088,2.405,19.6590909090909,2,3,0.475,0.001,7.3,0.0125,8.05,8,0.1,0.1,-2.00055828624907,-1.76846370862771,-1.69761433790805,-1.36001092368262
"S93","16.0",5.2925,92.31,65.847715456892,2.9560246163578,10.9362888367204,20.2599710900298,0,0,47.5,25,2.5,13.1733862433862,15.3108431829071,0.336628238657101,224.16,38.648275862069,344.65,281,5.795,5.8,0.145333333333333,8.05633333333333,0.423666666666667,0.292333333333333,0.148,11.155,0.265,0.173,0.057,2.82,49.8583743842364,0.325,2,0.025,0.0035,1.4,0.0125,0.056,4.02,71.7857142857143,0.6,2,0.025,0.001,1,0.02,7.7,8,0.2,0.2,-2.43581376896201,-2.3398861461235,-4.4443564265794,-3.91510147821146
"S43","18.0",4.22125,79.13,79.2753921931929,12.2936042770089,0,8.4310035297982,0,0,70,50,0,15.7467109691418,15.5933084577114,0.774417530280366,10.8,20.8333333333333,1832.6,1870.4,7.92,7.765,0.18775,8.5435,0.54325,0.06,0.126,9.916,0.664333333333333,0.123,0.013,2.69,361.904761904762,0.4625,1.25,0.025,0.00175,2.3,0.00875,0.014,3.07,360.952380952381,0.65,1.25,0.025,0.001,1.65,0.005,6.62,5.18,0.3,0.3,-1.90026869770421,-1.90893671485642,-2.52235961318036,-1.88466754727263
"S107","16.0",25.6125,17.9,1.39044652222809,0,98.1570923024255,0.452461175346414,0,0,45,30,2.5,15.9011020452906,17.4069858156028,1.02950652456711,34.8,4.43968156766687,114.8,114.6,8.49,8.03,0.025,4.17566666666667,6.025,0.01,0.025,3.497,0.075,0.01,0.01,0.96,96,0.05,4,0.025,0.001,2.1,0.05,0.01,0.96,96,0.05,4,0.025,0.001,2.1,0.05,7.45,7.9,0.6,0.6,-2.55284196865778,-7,-5.38003926807252,-6.59456737278534
"S44","16.0",18.845,64,29.6270300518623,1.23000985534192,41.0334716128795,28.1094884799163,0,0,60,50,0,15.0474365723562,13.695234375,0.621127062403794,245.52,35.0582590815627,367.7,370.4,8.215,8.22,0.406,22.9415,0.075,0.0855,0.583666666666667,19.8513333333333,0.118333333333333,0.089,0.0165,8.535,694.895833333333,0.05,6,0.05375,0.00175,1.1,0.085,0.022,8.485,417.8125,0.05,5,0.025,0.001,1,0.085,7.45,7.9,0.35,0.35,-4.79242470843191,-5.20794077160476,-4.36077942089098,-4.13027590322983
"S108","5.0",2.30875,0,0,0,85.1424710555331,14.8575289444669,0,0,0,0,0,15.8177471580215,14.2862436079545,0.882989301028846,23.04,7.18204488778055,164.84,154.15,NA,NA,0.025,1.71166666666667,0.075,0.01,0.025,2.21333333333333,0.075,0.0143333333333333,0.399,1.127,75.1383647798742,0.05,1.25,0.025,0.001,4.6,0.03,0.795,1.81,2.27672955974843,0.05,1.25,0.025,0.001,3.7,0.03,7.85333333333333,8.18,0.3,0.3,-2.4967603571098,-2.16013577342759,-5.3129603053429,-4.95954312291579
"S45","16.0",17.88875,82.85,62.202103313967,5.33737190045726,5.2709495500514,27.1895752355243,0,0,80,40,5,13.99,13.1313705583756,0.368693268841896,45.68,21.070110701107,143.4,326.3,NA,7.03,0.190666666666667,25.0403333333333,0.105333333333333,0.865333333333333,0.4945,31.2085,0.075,0.0815,0.0256666666666667,10.7333333333333,1529.87012987013,0.416666666666667,15,0.186666666666667,0.001,3.63333333333333,0.25,0.011,11.2,1018.18181818182,0.6,13,0.025,0.001,0.1,0.25,7.7,7.7,0.3,0.3,-3.48355230030648,-4.01969291663622,-4.99109828266516,-4.1663102970225
"S109","7.0",1.846875,0,0,0,100,0,0,0,30,30,20,13.5775858258319,15.8865246139144,0.485454314831606,94.96,48.687448728466,1167.5,1131.3,9.04,6.59,0.7075,4.26466666666667,0.377,0.1585,0.7075,3.94,0.528,0.1585,0.0846666666666667,2.07333333333333,252.371194379391,0.8,1.33333333333333,0.025,0.0166666666666667,1.6,0.01,0.1255,2.315,113.556791569087,0.7,0.5,0.025,0.0245,0.95,0.005,7.885,7.85,0.2,0.2,-2.56056774334771,-2.62597710361856,-4.59745729930642,-4.42750249245699
"S48","14.0",19.349375,75.65,48.7347122836024,1.0110797862757,25.5692846529177,24.6849232772042,0.815511066416098,0.815511066416098,12.5,7.5,0,17.6052374280377,16.6111611529872,0.393439648706193,41.52,17.5456389452333,831.9,927.1,1.83,1.71,0.283,4.44133333333333,1.84933333333333,0.929333333333333,0.079,2.7,1.963,0.227,1.202,3.61333333333333,3.51985511842655,3.03333333333333,4.33333333333333,0.11,0.003,5.66666666666667,0.0183333333333333,0.678,3.025,4.21533823319538,2.35,3.5,0.1525,0.001,5.1,0.025,7.8,8.1,0,0,-2.34865300668974,-2.23170949562729,-1.81580745520172,-1.84445005487781
"S49","14.0",6.7725,84.18,69.8687671859356,3.58776732623551,4.31210058556496,22.2313649022639,0,3.50273867359781,67.5,45,5,15.1072702850877,13.7492443789944,0.55418332889261,272.4,47.0173985086993,685.2,689.5,8.54,8.61,0.124666666666667,17.7953333333333,0.14,0.0903333333333333,0.1525,17.22,0.1725,0.106,0.024,5.80666666666667,364.179669030733,0.05,2.83333333333333,0.0533333333333333,0.002,2.36666666666667,0.0133333333333333,0.0285,5.51,332.936170212766,0.05,1.25,0.0675,0.001,2.15,0.005,8.15,8.1,0.3,0.3,-2.28886098258708,-2.15569856194916,-3.99337259087253,-3.49280938512533
"S95","14.0",4.8925,100,82.4138543227555,1.26581219440446,3.23106218790378,13.0892712949363,4.66971203793703,4.66971203793703,17.5,17.5,2.5,16.0108057437055,15.3845859375,0,106.4,12.8539673335266,641.2,668.4,5.28,5.77,0.2395,9.0305,0.412,0.0545,0.2395,9.0305,0.412,0.0545,0.1335,4.09,33.5078085322499,2.3,3,0.07,0.001,3.1,0.005,0.1335,4.09,33.5078085322499,2.3,3,0.07,0.001,3.1,0.005,8,8,0.1,0.1,-2.4029020100809,-2.4029020100809,-0.697085631457806,-0.697085631457806
"S50","14.0",5.400625,79.4,74.5827031788739,2.47392478257921,5.00646805645345,17.9369039820934,0,0,22.5,12.5,0,15.1,13.7,0.412485100219519,661.2,42.2394848469362,NA,NA,NA,NA,0.304333333333333,9.10433333333333,0.715333333333333,0.561666666666667,0.272666666666667,6.84666666666667,0.717333333333333,0.678,0.0863333333333333,2.96333333333333,72.3347158218126,2.4,2.83333333333333,0.286666666666667,0.00866666666666667,1.53333333333333,0.0133333333333333,0.114,2.97,60.9214285714286,2.35,3.25,0.4175,0.011,1.8,0.0175,8.15,8.2,0.5,0.5,-2.34510720264072,-2.29398863201259,-3.50858354803324,-2.53464053691764
"S53","5.1",5.7325,14.45,23.9552034972263,3.96626604730526,66.7812774793968,5.29725297607163,23.9552034972263,23.9552034972263,20,20,10,17.9101711151552,15.7201492686954,0.402634971342113,8468.4,66.5302813183498,161.7,170.9,7.56,8,0.153,8.256,0.5075,0.1065,0.125,6.286,0.178,0.09,0.081,1.007,13.4040404040404,4.65,3,0.135,0.0075,1.95,0.03,0.063,1.12,17.7777777777778,3.6,4,0.15,0.004,1.5,0.03,7.7425,7.87,0.06375,0.1025,-2.47656845645279,-2.57503667200807,-1.7256111900537,-1.76282947908098
"S56","5.1",10.004375,19.43,56.0404876197047,31.7017517858482,0.419940319595534,11.8378202748516,56.0404876197047,56.0404876197047,0,0,0,18.7792781829132,16.9712203698204,0.482427339857451,2557.52,49.1150714395452,429.6,407.6,7.57,8.1,0.092,9.1415,0.92,0.074,0.066,7.437,0.592,0.062,0.2085,2.16,10.890597967128,4.85,2.25,0.025,0.005,3.55,0.005,0.128,1.57,12.265625,2.9,4,0.025,0.004,3.7,0.005,8.1415,8.22,0.08,0.13,-2.50155744617627,-2.34051092284385,-2.66778155311264,-2.28733660194053
"S57","19.0",20.0075,47.22,44.4664553672359,22.0666499297791,1.05889727137667,32.4079974316083,9.23067511898542,19.1987503782136,70,60,0,20.3793227176221,18.186339321258,0.0918961014561762,74.96,6.12258233141662,711.5,618.6,3.58,2.485,0.8115,19.523,1.112,0.247,0.9,16.07,1.362,0.239,0.293,9.245,73.1648108237548,1,17,0.0725,0.0055,5.6,0.005,0.522,10.4,19.9233716475096,0.7,26,0.12,0.006,4.7,0.005,7.673,7.86,0.245,0.33,-1.65820765507176,-1.65582485801752,-0.540200721263533,-0.650304613890929
"S58","5.1",19.666875,27.83,69.7508809391784,13.9275003862985,5.04543317505591,11.2761854994672,69.7508809391784,69.7508809391784,30,20,10,17.0711953480437,15.3562567380278,0.433569101300968,2533.76,56.1430875861947,314.1,363.6,8.58,9.01,0.118,13.192,0.187,0.091,0.118,13.192,0.187,0.091,0.0305,2.575,82.3736263736264,6.95,1.25,0.025,0.0035,1.35,0.005,0.035,3.37,96.2857142857143,5.6,2,0.025,0.001,0.9,0.005,7.8205,7.45,0.27,0.285,-2.49122893736687,-2.49246985737181,-3.13810795627526,-2.87339207520108
"S112","5.1",9.456875,0,0,0.490832152739664,89.1288269953406,10.3803408519197,0,0,50,50,20,15.1,13.4,0.764210598905825,1270.64,53.4385303815356,NA,NA,NA,NA,0.0755,4.7815,0.1355,0.043,0.092,4.516,0.075,0.035,0.035,0.92375,17.7045454545455,7.35,0.5,0.025,0.003,0.35,0.005,0.055,1.81,32.9090909090909,5.7,0.5,0.025,0.001,0.1,0.005,7.6125,7.25,0.43125,0.3825,-3.51299501849993,-4.21315810293923,-6.12713325244134,-6.43731644774784
"S59","5.1",7.530625,34.65,40.1954703672793,19.2176374244819,20.4766925936378,20.110199614601,15.8431630555942,15.8431630555942,80,60,10,17.9140311545073,15.590226299895,0.321991145859418,246.56,27.2021182700794,237.2,208.95,8.19,8.64,0.1135,5.6,0.203,0.082,0.158,4.427,0.075,0.124,0.0365,0.8185,28.9390838206628,2.1,3,0.025,0.005,1.7,0.005,0.019,0.808,42.5263157894737,1.9,4,0.025,0.005,1.6,0.005,7.7045,7.38,0.27,0.27,-2.01297776482845,-1.89302246295008,-1.30776000667764,-1.10425032733646
"S60","5.1",5.97125,37.86,51.3213056922378,11.2914147562596,23.5344331461719,13.8528464053307,35.2408777088354,35.2408777088354,90,60,10,17.6507164404461,14.9996395931604,0.331673644490188,613.68,24.499377215675,226.5,203.7,8.23,7.345,0.186,3.121,0.217,0.667,0.26,1.505,0.075,1.243,0.0435,1.1905,53.5898268398268,2.3,4.25,0.1925,0.0045,3.9,0.005,0.021,2.19,104.285714285714,2,8,0.36,0.004,4.9,0.005,7.4075,6.73,0.11875,0.1425,-2.35013440372358,-1.68233291520862,-0.576389130784577,-0.883840240594274
"S114","5.1",10.6425,10.31,26.6911695124875,2.3076947425352,64.5817202758414,6.41941546913588,26.6911695124875,26.6911695124875,100,80,0,16.2629220809793,14.3503209594325,0.404713351344562,9566.64,61.6931926638636,147.4,72.7,8.595,9.28,0.097,7.548,0.2575,0.0885,0.099,6.906,0.193,0.095,0.0275,1.172,46.8387096774194,2.75,1.25,0.0475,0.0065,1.15,0.0125,0.024,1.92,80,2.4,2,0.07,0.007,0.9,0.005,7.986,8.03,0.23,0.24,-2.72995174377642,-2.68016853103127,-3.5739226557911,-3.74924400791763
"S96","14.0",8.2075,47.75,37.2686950277926,7.24437267505421,4.74021902080607,50.7467132763471,0,0,52.5,52.5,0,12.9842750616631,12.4458333333333,0.477019898814631,110.32,24.4460202091828,270.4,529.3,6.54,6.79,0.0905,7.348,1.442,0.133,0.092,6.684,2.809,0.149,0.03,1.7615,55.290757381258,0.6,3.5,0.025,0.001,1.75,0.03,0.041,2.65,64.6341463414634,0.6,3,0.025,0.001,0.1,0.02,7.66,7.67,0.39,0.39,-3.07706578764958,-3.15630015483933,-5.34207536249,-5.72996883568972
"S61","16.0",9.06375,53.94,42.6097789666026,0.093583993010318,7.14425063888454,50.1523864015025,0,0,25,25,0,13.3476511243386,13.4295506746308,0.530483701334285,587.6,45.1666461689829,378.2,333.4,7.74,7.77,0.17,22.7236666666667,0.283,0.380666666666667,0.2285,22.5095,0.387,0.5395,0.076,8.11,408.885779436153,0.2,2.66666666666667,0.0533333333333333,0.004,1,0.0566666666666667,0.1085,8.48,278.328669154229,0.275,2.5,0.0675,0.0055,1,0.04,7.535,7.51,0.2,0.2,-2.43764434996636,-2.35608728484049,-2.97843625326755,-2.72237467573671
"S63","16.0",13.24625,85.85,69.0555957013542,2.36479947879722,6.42855743400844,22.1510473858401,0,0,25,25,0,16.20852978474,15.4350411254156,0.450942710728458,104.96,38.5655496766608,652.8,656.6,6.67,6.54,0.458,22.4435,2.085,0.308,0.755,22.576,3.471,0.545,0.1655,8.31,52.1224750319141,1.2,1.25,0.0675,0.003,2.3,0.02,0.138,8.78,63.6231884057971,1.2,2,0.11,0.001,2.1,0.02,7.945,7.94,0.1,0.1,-2.12806435660863,-1.92357959603907,-2.44588698681941,-1.70808355357138
"S65","16.0",5.525,52.56,33.9065513696455,2.82529598021816,21.6065259467282,41.6616267034081,0,0,15,15,0,14.607235921728,13.9704421296296,0.649051396505123,191.28,53.8513513513513,550,549.1,5.09,7.26,0.068,18.4446666666667,1.86333333333333,0.0216666666666667,0.074,17.375,2.7575,0.0275,0.0426666666666667,6.32,187.725992317542,0.45,1.83333333333333,0.0766666666666667,0.002,2.76666666666667,0.0183333333333333,0.053,6.15,130.225352112676,0.65,1.75,0.025,0.001,1.4,0.025,7.845,7.86,0.23,0.23,-2.36820128604368,-2.42508218403895,-4.09799656213457,-4.11038140710133
"S66","18.0",9.37375,94.47,44.9684151124304,5.89254299546936,5.9405998227738,43.1984420693264,3.39316556768616,3.39316556768616,20,15,10,17.4,16.4,0.581130569878603,314.08,45.3820367587562,NA,NA,NA,NA,0.087,20.85,0.3895,0.0505,0.102,18.814,0.31,0.047,0.11,7.435,66.9833333333333,1.9,1.75,0.025,0.003,1.2,0.005,0.1,6.03,60.3,1.8,0.5,0.025,0.001,0.6,0.005,8.13666666666667,8.17,0.2,0.2,-2.51289306244324,-2.37847362973718,-3.46196946203254,-2.23291514598495
"S123","5.0",4.60625,0,0,0,86.9571284621384,13.0428715378616,0,0,15,5,10,18.1430730879369,17.0311145833333,0.31460409805094,20.64,8.13366960907944,277.78,283.88,7.54,7.75,0.025,2.745,0.075,0.077,NA,NA,NA,NA,0.003,1.08,360,0.85,3,0.025,0.001,0.7,0.0175,0.003,1.13,376.666666666667,0.7,4,0.025,0.001,0.1,0.005,6.9,6.9,0.28,0.28,-3.35954873348028,-4.19276530528734,-3.32794998778393,-2.87315952752024
"S70","14.0",16.728125,68.21,44.961002125693,1.24909173546637,16.7061912827408,37.0837148560998,2.94423792474066,2.94423792474066,60,60,0,17.3970350333478,16.5372369791667,0.673276640417387,203.6,32.3133570340274,871.49,818.07,NA,NA,0.531,74.2366666666667,0.385333333333333,0.612333333333333,0.23,108.588,0.23,0.167,0.0786666666666667,27.7733333333333,574.204421945639,0.55,2.16666666666667,0.025,0.003,1.16666666666667,0.005,0.043,39.6,920.93023255814,0.5,0.5,0.025,0.001,0.1,0.005,7.54,7.75,0.14,0.14,-2.2852315927589,-2.04653389376286,-3.06416811984374,-3.11215079322903
"S97","6.0",13.965,98.12,78.2229915325082,1.98506747794324,8.78292707591505,11.0090139136335,0,0,70,10,0,17.3586363210391,16.4346875,0.742690358408002,39.92,30.519877675841,608.97,599.82,6.905,7.6,0.167,14.21,0.7835,0.0995,0.167,14.83,0.665,0.079,0.123,5.53,44.9657534246575,2.5,3,0.025,0.002,2.55,0.005,0.146,6.56,44.9315068493151,2,2,0.025,0.001,0.9,0.005,7.98,8.04,0.01,0.01,-2.34238222456043,-2.30878531327877,-2.60298412475871,-2.73724721724852
"S74","16.0",30.43125,93.73,92.757285430555,0.177809992052833,0.722182563993311,6.34272201339886,0,0,30,30,40,18.0066100657685,17.5278823837711,0.454626087003048,75.28,17.9169840060929,1407.2,1468.25,NA,NA,0.072,1.549,0.451,0.056,0.0485,1.7485,0.448,0.0845,0.489,0.164,0.335378323108385,0.9,2,0.025,0.001,0.7,0.005,0.489,0.164,0.335378323108385,0.9,2,0.025,0.001,0.7,0.005,7.82,7.82,0.2,0.2,-2.18394753178701,-2.22102531181517,-1.9288959858612,-1.98423433205402
"S75","16.0",14.85,90.32,61.2944011893467,19.1499906158064,2.54237231046259,17.0132358843843,0,2.40580232397845,50,50,10,NA,NA,0.346244682152115,50.16,16.7378537106247,NA,NA,NA,NA,0.195,11.6866666666667,0.150333333333333,0.135,0.195,9.66533333333333,0.182666666666667,0.228,0.187,5.445,81.3300898203593,1.45,4,0.0875,0.0035,6.75,0.0125,0.04,5.91,147.75,1,2,0.025,0.004,1.1,0.005,8,8,0,0,-2.43346706290807,-2.40032381113642,-1.36975913942273,-1.3279577411475
"S98","7.0",268.031875,55.76,54.6240046678577,12.293531777253,0,33.0824635548893,0,0,10,0,0,20.5906943606988,18.6127994791667,0.653147795265896,17.6,1.43509458577952,896,809.8,8.12,8.075,0.573,12.985,0.120666666666667,0.0783333333333333,0.851,12.2176666666667,0.243333333333333,0.183666666666667,0.042,3.98,108.005428505429,1.03333333333333,5,0.025,0.001,4.73333333333333,0.0266666666666667,0.0305,3.675,126.70045045045,1,3.5,0.025,0.001,3.35,0.025,6.715,4.53,0.4,0.4,-1.62515318651122,-1.60494752655599,-1.21511596161921,-0.817977507169201
"S76","6.0",13.485,86.07,78.9151055880353,7.94636293539368,3.81051405704621,9.32801741952481,1.10173983465111,1.10173983465111,60,60,0,16.820979608297,15.7259895833333,0.521393661013251,5.6,9.58904109589041,889.2,857.2,8.16,8.13,0.282,23.661,1.1855,0.252,0.282,25.277,0.813,0.252,0.152,7.92,52.1052631578947,1.5,3,0.12,0.0125,5.85,0.005,0.152,8.21,54.0131578947368,1.2,2,0.09,0.015,4.6,0.005,8.25333333333333,8.24,0.02,0.02,-2.59400434340039,-2.79375055989934,-2.12574359349966,-1.84267703912621
"S99","16.0",39.644375,93.21,93.2558311160336,0,0.210000986080597,6.53416789788579,0,0,30,30,40,NA,22.088548951049,0.271830650028799,4.08,10.8510638297872,228.1,227,8.7,8.43,0.514,6.751,1.4475,0.722,0.514,6.751,1.4475,0.722,0.162,2.8,55.6828478964401,1.9,1.25,0.1,0.0165,3.15,0.005,0.162,2.8,55.6828478964401,1.9,1.25,0.1,0.0165,3.15,0.005,NA,NA,0,0,-1.85130901757939,-1.85130901757939,-0.852258304290112,-0.852258304290112
"S78","6.0",5.554375,90.12,79.4590430811279,0.23999746988973,9.00778611262084,11.2931733363615,0,0,50,50,0,14.215514011474,13.5838203125,0.377888160367734,200.96,43.1318681318681,945,981.9,6.56,6.55,0.413,30.2434,1.5818,0.3856,0.4255,33.9975,1.047,0.2775,0.1652,9.65,354.604494809428,0.7,0.5,0.025,0.015,2.1,0.0175,0.116,8.955,619.294529000411,0.75,0.5,0.025,0.02,1.8,0.0225,6.35,4.75,0.2,0.2,-2.57112523375917,-2.29552218209543,-2.57779018355956,-2.30456339544205
"S80","5.0",8.851875,23.6,68.6476834568601,13.3649094155185,8.0820780651565,9.90532906246492,0,0,75,5,0,19.4037446625344,16.6587767857143,0.392402407526806,270.88,44.3193717277487,986.3,1110.7,7.49,7.82,0.232,6.52233333333333,0.821666666666667,0.108666666666667,0.248,8.4995,0.8905,0.127,0.134666666666667,2.63,44.5211034449216,1.5,2,0.103333333333333,0.00633333333333333,4.26666666666667,0.005,0.1605,3.68,63.588884083045,0.95,2,0.1,0.0075,3.8,0.005,8.8,8.8,0.8,0.8,-2.2616207324744,-2.13021377308846,-2.20152671939716,-1.82595989280001
"S81","6.0",18.47875,93.1,67.9002949865142,10.2672482138733,7.68504380704091,14.1474129925716,0.16951886212384,0.16951886212384,90,90,0,16.7454916189454,15.5348333333333,0.315273059583432,77.28,24.7565351101999,567.77,482.3,NA,NA,0.304333333333333,35.414,0.933666666666667,0.309333333333333,0.371,27.158,1.224,0.4085,0.151333333333333,12.4166666666667,208.459260154739,1.16666666666667,4,0.263333333333333,0.004,4.7,0.0216666666666667,0.2035,10.775,145.667613636364,1.3,4,0.25,0.0035,5.05,0.0225,8.28,8.28,0.24,0.24,-2.4256745890798,-2.32600997402191,-1.82101891794036,-1.82048220885883
"S101","18.0",52.515625,86.46,87.0328580658603,4.27929352036885,3.58427857317787,5.10356984059298,0,0,15,15,70,18.9941894308943,19.0353098958333,0,96.8,19.1576947435086,1123.1,1181.2,3.78,3.81,0.44,2.191,0.57525,0.269,0.297,2.014,0.7055,0.3475,0.096,1.555,27.1276920083031,1.925,1.25,0.11375,0.004,2.75,0.005,0.086,1.72,20.1463414634146,2,1.25,0.14,0.005,1.7,0.005,7.55,7.55,0.001,0.001,-2.54572799899616,-2.79887562593064,-2.35980241187824,-1.27202174039484
"S116","5.1",1.631875,0,0,0,80.0146669264753,19.9853330735247,0,0,7.5,7.5,5,14.2809132450607,NA,0.721390764761334,158.8,31.9800225551796,128.7,124.6,9.55,9.835,0.025,2.4345,0.122,0.01,0.025,2.39,0.169,0.01,0.027,0.4515,18.4897435897436,0.7,0.5,0.025,0.0025,0.55,0.0175,0.039,0.566,14.5128205128205,0.7,0.5,0.025,0.004,0.1,0.005,7.3,7.5,0.24,0.3,-3.63918935941599,-3.64832890675351,-5.47295502360446,-5.37095147343903
"S83","6.0",5.085,75.52,75.6371763631218,0.215189107532515,0.521623360005329,23.6260111693404,0,0,10,10,0,13.8,13.2925795053004,0.532352577554506,224,27.5454992621741,NA,380.5,NA,7.77,1.03966666666667,81.1273333333333,3.20833333333333,0.855333333333333,1.5055,82.7135,4.71,1.2585,0.454,14.6426666666667,492.656791088528,0.7,0.5,0.025,0.0366666666666667,3.06666666666667,0.0333333333333333,0.6705,10.914,212.794710442316,0.75,0.5,0.025,0.0525,3.95,0.035,8.3,8.4,0.5,0.5,-2.07732685520312,-2.01564829396846,-1.84630014805339,-1.70439023852972
"S118","6.0",1.509375,0.16,0,0,99.1858529710295,0.814147028970496,0,0,42.5,22.5,30,NA,13.3,0.99023375613635,174.48,37.448489010989,NA,NA,NA,NA,0.283666666666667,13.0146666666667,0.946333333333333,0.104,0.348,13.8703333333333,1.247,0.123666666666667,0.539,6.12333333333333,47.705556234968,2.2,1,0.193333333333333,0.0306666666666667,1.56666666666667,0.01,0.802,8.645,30.0198728139905,2.3,1.25,0.18,0.0455,1.8,0.0125,8.25,8.3,0.3,0.3,-2.55893820524858,-2.48113620557262,-4.64240014432305,-4.45216666988025
"S102","5.1",12.965,51.13,85.993679636224,0.157530803417402,0.998896730124696,12.8498928302339,0,0,95,80,0,16.8085542168675,16.701494707693,0.460404268640506,39.28,22.1770551038844,864.9,1017.5,8.255,8.2,0.105,24.9885,0.207,0.102,0.105,26.073,0.221,0.102,0.104,8.645,116.903203817314,1.05,1.25,0.025,0.0075,2.35,0.005,0.163,9.35,57.361963190184,1.1,0.5,0.025,0.009,3.8,0.005,8.08,8.13,0.35,0.35,-2.52978210208361,-2.49481107264034,-5.06938930080217,-5.00025868995597
"S86","6.0",8.78875,88.06,69.1033792504316,18.3557157943696,0.019748005019569,12.5211569501792,0,0,0,0,12.5,NA,NA,0.301274824556098,0.16,0.126582278481013,NA,NA,NA,NA,0.197,2.258,5.422,2.437,0.197,2.258,5.422,2.437,1.44,6.63,4.60416666666667,2.6,13.5,0.1025,0.007,2.3,0.005,1.44,6.63,4.60416666666667,2.6,13.5,0.1025,0.007,2.3,0.005,6.9,6.9,0.6,0.6,-2.03249990317093,-2.03249990317093,-2.27255909309493,-2.27255909309493
